Attribute,Attribute Value,AUC,fold_num
race,Other,0.8076923076923077,1
race,Caucasian,0.5260683760683762,1
race,African-American,0.6260606060606061,1
race,Hispanic,0.3269230769230769,1
sex,male,0.6027926322043969,1
sex,female,0.5208333333333334,1
race,African-American,0.5345199568500539,3
race,Caucasian,0.5333533653846153,3
race,Hispanic,0.7222222222222222,3
race,Other,0.08823529411764708,3
sex,male,0.49526976395653804,3
sex,female,0.7083333333333333,3
