Attribute,Attribute Value,AUC,fold_num
race,Other,0.8076923076923077,1
race,Caucasian,0.5547008547008547,1
race,African-American,0.6055555555555556,1
race,Hispanic,0.3076923076923077,1
sex,male,0.603287779758368,1
sex,female,0.53125,1
race,African-American,0.6057173678532901,3
race,Caucasian,0.5294471153846154,3
race,Hispanic,0.7222222222222222,3
race,Other,0.20588235294117646,3
sex,male,0.5469276882727614,3
sex,female,0.6791666666666666,3
