"","Score","train_auc_mean","train_auc_std","test_auc_mean","test_auc_std","heldout_test_auc","heldout_test_acc"
"2","cart",0.741177855725046,0.0288163471682527,0.659871794871795,0.0288163471682527,0.678571428571429,0.733333333333333
