Attribute,Attribute Value,AUC,fold_num
race,Caucasian,0.7427827697669469,1
race,Other,0.6302493438320209,1
race,African-American,0.7171710513173928,1
sex,male,0.7296524045998424,1
sex,female,0.7432571058235349,1
race,Caucasian,0.7085730264763792,4
race,Other,0.7602632753235163,4
race,African-American,0.7680329288594221,4
sex,female,0.6859676883336606,4
sex,male,0.7224278224834375,4
