Attribute,Attribute Value,AUC,fold_num
race,Caucasian,0.8472326606895818,1
race,Other,0.9704724409448818,1
race,African-American,0.8857154271788418,1
sex,male,0.8539615758727769,1
sex,female,0.8586834552356264,1
race,Caucasian,0.8428452192536949,4
race,Other,0.7877063810798751,4
race,African-American,0.8897816610694662,4
sex,female,0.8677925648423692,4
sex,male,0.8386326578150477,4
