Attribute,Attribute Value,AUC,fold_num
race,Caucasian,0.8484100828574132,1
race,Other,0.9809711286089238,1
race,African-American,0.8667465691855936,1
sex,male,0.8513389837873493,1
sex,female,0.8492871030460142,1
race,Caucasian,0.849024401766943,4
race,Other,0.8157072735385988,4
race,African-American,0.9374452709269542,4
sex,female,0.8795506729708908,4
sex,male,0.848341516656037,4
