Attribute,Attribute Value,AUC,fold_num
race,Caucasian,0.8423282437953011,1
race,Other,0.9921259842519685,1
race,African-American,0.8755857853418828,1
sex,male,0.8549078616481841,1
sex,female,0.8250282381260994,1
race,Caucasian,0.8262927681568981,4
race,Other,0.8502900490852298,4
race,African-American,0.9297134361678583,4
sex,female,0.8584967295578483,4
sex,male,0.8362414899038448,4
