Attribute,Attribute Value,AUC,fold_num
race,Caucasian,0.8145604395604396,4
race,African-American,0.6734234234234233,4
race,Hispanic,0.9074074074074074,4
race,Other,0.6851851851851852,4
sex,male,0.7262698412698413,4
sex,female,0.7532051282051282,4
