Attribute,Attribute Value,AUC,fold_num
race,Caucasian,0.8423282437953011,2
race,Other,0.9921259842519685,2
race,African-American,0.8755857853418828,2
sex,male,0.8549078616481841,2
sex,female,0.8250282381260994,2
race,Caucasian,0.8262927681568981,5
race,Other,0.8502900490852298,5
race,African-American,0.9297134361678583,5
sex,female,0.8584967295578483,5
sex,male,0.8362414899038448,5
